{
  "accuracy": [
    0.5426283478736877,
    0.7918040752410889,
    0.8360810279846191,
    0.8459726572036743,
    0.8591615557670593,
    0.8827131390571594,
    0.8869524002075195,
    0.8864814043045044,
    0.7173810601234436,
    0.7842675447463989,
    0.818652868270874,
    0.8332548141479492,
    0.8473857641220093,
    0.8558643460273743,
    0.8638718724250793,
    0.8553932905197144
  ],
  "loss": [
    1.4487366676330566,
    0.6723027229309082,
    0.529649555683136,
    0.45826730132102966,
    0.4239622950553894,
    0.3815087378025055,
    0.34111931920051575,
    0.3319453299045563,
    0.8937939405441284,
    0.68032306432724,
    0.555282473564148,
    0.5077109336853027,
    0.47794023156166077,
    0.430738240480423,
    0.42433789372444153,
    0.4411502480506897
  ],
  "val_accuracy": [
    0.8086124658584595,
    0.8588516712188721,
    0.880382776260376,
    0.8779904246330261,
    0.8971291780471802,
    0.9019138813018799,
    0.8899521827697754,
    0.9019138813018799,
    0.8923444747924805,
    0.8947368264198303,
    0.8971291780471802,
    0.89952152967453,
    0.9019138813018799,
    0.9066985845565796,
    0.9043062329292297,
    0.9043062329292297
  ],
  "val_loss": [
    0.633394181728363,
    0.4524446725845337,
    0.3889921009540558,
    0.35420265793800354,
    0.3388848304748535,
    0.32370349764823914,
    0.32494431734085083,
    0.3036242723464966,
    0.3191909193992615,
    0.32970836758613586,
    0.33195656538009644,
    0.3281732499599457,
    0.3239075839519501,
    0.31754088401794434,
    0.31414079666137695,
    0.31084343791007996
  ],
  "learning_rate": [
    0.0010000000474974513,
    0.0010000000474974513,
    0.0010000000474974513,
    0.0010000000474974513,
    0.0010000000474974513,
    0.0010000000474974513,
    0.0010000000474974513,
    0.0010000000474974513,
    9.999999747378752e-06,
    9.999999747378752e-06,
    9.999999747378752e-06,
    4.999999873689376e-06,
    4.999999873689376e-06,
    4.999999873689376e-06,
    2.499999936844688e-06,
    2.499999936844688e-06
  ]
}